,Unnamed: 0,Filepath Deg,Filename,db,MOS,Condition,1,2,3,4,5,6,7,8,9,10,11,12,13,14,15,16,Filepath Ref,ssim,brisque
1,1,.\Deg\bike_jp2420_0.250000_dec.bmp,bike_jp2420_0.250000_dec.bmp,JPEGCoreExperiment,18.69230769,1,30,0,48,18,30,20,4,29,1,25,42,16,52,23,28,19,.\Original\bike_orig.bmp,0.765372579,109.825
2,2,.\Deg\bike_jp2420_0.500000_dec.bmp,bike_jp2420_0.500000_dec.bmp,JPEGCoreExperiment,43.46153846,2,40,40,71,39,60,55,32,45,38,52,53,62,64,42,35,25,.\Original\bike_orig.bmp,0.847333203,107.551
3,3,.\Deg\bike_jp2420_0.750000_dec.bmp,bike_jp2420_0.750000_dec.bmp,JPEGCoreExperiment,63.0,3,50,68,69,70,79,71,47,46,72,68,62,82,87,53,80,33,.\Original\bike_orig.bmp,0.887800903,106.736
4,4,.\Deg\bike_jp2420_1.000000_dec.bmp,bike_jp2420_1.000000_dec.bmp,JPEGCoreExperiment,69.38461538,4,68,51,71,79,70,64,74,72,100,78,95,66,89,53,65,62,.\Original\bike_orig.bmp,0.918538952,106.266
5,5,.\Deg\bike_jp2420_1.250000_dec.bmp,bike_jp2420_1.250000_dec.bmp,JPEGCoreExperiment,90.92307692,5,95,84,100,100,100,76,91,100,100,97,100,88,100,95,90,66,.\Original\bike_orig.bmp,0.937661551,105.964
6,6,.\Deg\bike_jp2420_1.500000_dec.bmp,bike_jp2420_1.500000_dec.bmp,JPEGCoreExperiment,91.92307692,6,100,84,100,100,100,100,95,77,100,100,100,93,100,70,100,76,.\Original\bike_orig.bmp,0.951387909,105.851
7,7,.\Deg\bike_jp2444_0.250000_dec.bmp,bike_jp2444_0.250000_dec.bmp,JPEGCoreExperiment,32.61538462,7,30,24,32,59,44,27,16,29,25,17,37,53,54,23,55,22,.\Original\bike_orig.bmp,0.771354182,109.581
8,8,.\Deg\bike_jp2444_0.500000_dec.bmp,bike_jp2444_0.500000_dec.bmp,JPEGCoreExperiment,49.92307692,8,60,43,49,74,60,37,53,56,47,38,75,64,78,45,29,43,.\Original\bike_orig.bmp,0.843953047,109.144
9,9,.\Deg\bike_jp2444_0.750000_dec.bmp,bike_jp2444_0.750000_dec.bmp,JPEGCoreExperiment,76.46153846,9,70,70,69,100,88,80,82,63,46,75,74,100,76,69,85,66,.\Original\bike_orig.bmp,0.883145579,107.71
10,10,.\Deg\bike_jp2444_1.000000_dec.bmp,bike_jp2444_1.000000_dec.bmp,JPEGCoreExperiment,76.53846154,10,70,64,70,100,75,75,59,100,50,83,82,100,100,78,71,70,.\Original\bike_orig.bmp,0.90670575,107.003
11,11,.\Deg\bike_jp2444_1.250000_dec.bmp,bike_jp2444_1.250000_dec.bmp,JPEGCoreExperiment,88.46153846,11,100,83,71,100,100,79,100,70,80,82,84,95,100,94,93,74,.\Original\bike_orig.bmp,0.92689831,106.72
12,12,.\Deg\bike_jp2444_1.500000_dec.bmp,bike_jp2444_1.500000_dec.bmp,JPEGCoreExperiment,91.76923077,12,95,68,100,100,100,90,98,100,100,99,100,93,100,79,100,71,.\Original\bike_orig.bmp,0.939277971,106.184
13,13,.\Deg\bike_jpg420_0.250000_dec.bmp,bike_jpg420_0.250000_dec.bmp,JPEGCoreExperiment,5.153846154,13,10,10,13,11,3,2,1,10,2,1,7,9,3,8,0,0,.\Original\bike_orig.bmp,0.68141276,108.598
14,14,.\Deg\bike_jpg420_0.500000_dec.bmp,bike_jpg420_0.500000_dec.bmp,JPEGCoreExperiment,36.15384615,14,48,31,50,74,46,33,34,31,10,34,54,54,51,22,23,30,.\Original\bike_orig.bmp,0.806701799,106.727
15,15,.\Deg\bike_jpg420_0.750000_dec.bmp,bike_jpg420_0.750000_dec.bmp,JPEGCoreExperiment,71.38461538,15,87,56,71,100,71,39,100,73,50,76,82,88,89,41,86,61,.\Original\bike_orig.bmp,0.86538756,106.27
16,16,.\Deg\bike_jpg420_1.000000_dec.bmp,bike_jpg420_1.000000_dec.bmp,JPEGCoreExperiment,83.53846154,16,70,84,70,100,69,100,93,77,95,59,66,100,100,86,76,77,.\Original\bike_orig.bmp,0.896984697,106.013
17,17,.\Deg\bike_jpg420_1.250000_dec.bmp,bike_jpg420_1.250000_dec.bmp,JPEGCoreExperiment,96.69230769,17,95,100,74,100,100,100,80,100,100,100,91,100,100,100,100,82,.\Original\bike_orig.bmp,0.916561353,105.598
18,18,.\Deg\bike_jpg420_1.500000_dec.bmp,bike_jpg420_1.500000_dec.bmp,JPEGCoreExperiment,93.15384615,18,100,100,100,100,100,94,100,78,88,90,84,100,100,96,100,65,.\Original\bike_orig.bmp,0.932350967,105.488
19,19,.\Deg\bike_xrMS420_0.250000_dec.bmp,bike_xrMS420_0.250000_dec.bmp,JPEGCoreExperiment,17.53846154,19,30,10,31,10,15,25,6,9,25,2,19,40,39,25,17,14,.\Original\bike_orig.bmp,0.74977214,109.126
20,20,.\Deg\bike_xrMS420_0.500000_dec.bmp,bike_xrMS420_0.500000_dec.bmp,JPEGCoreExperiment,45.69230769,20,50,37,50,59,55,37,18,53,55,16,53,64,56,47,75,28,.\Original\bike_orig.bmp,0.838822581,107.165
21,21,.\Deg\bike_xrMS420_0.750000_dec.bmp,bike_xrMS420_0.750000_dec.bmp,JPEGCoreExperiment,63.76923077,21,56,48,68,94,69,59,67,55,67,57,73,76,74,49,78,54,.\Original\bike_orig.bmp,0.892757486,106.197
22,22,.\Deg\bike_xrMS420_1.000000_dec.bmp,bike_xrMS420_1.000000_dec.bmp,JPEGCoreExperiment,84.30769231,22,100,100,73,93,91,64,100,75,77,62,73,98,100,83,81,72,.\Original\bike_orig.bmp,0.920026273,106.065
23,23,.\Deg\bike_xrMS420_1.250000_dec.bmp,bike_xrMS420_1.250000_dec.bmp,JPEGCoreExperiment,85.07692308,23,95,82,71,100,75,61,93,100,50,97,81,100,69,79,100,74,.\Original\bike_orig.bmp,0.936799824,105.858
24,24,.\Deg\bike_xrMS420_1.500000_dec.bmp,bike_xrMS420_1.500000_dec.bmp,JPEGCoreExperiment,87.38461538,24,100,70,71,100,74,74,95,75,97,87,80,84,100,95,96,89,.\Original\bike_orig.bmp,0.950960251,105.794
25,25,.\Deg\bike_xrPS420_0.25.bmp,bike_xrPS420_0.25.bmp,JPEGCoreExperiment,14.92307692,25,30,0,48,29,15,11,5,13,2,17,25,56,31,9,0,7,.\Original\bike_orig.bmp,0.755647733,108.394
26,26,.\Deg\bike_xrPS420_0.5.bmp,bike_xrPS420_0.5.bmp,JPEGCoreExperiment,43.15384615,26,50,36,49,87,57,37,40,55,25,40,46,50,71,38,20,26,.\Original\bike_orig.bmp,0.838258219,107.298
27,27,.\Deg\bike_xrPS420_0.75.bmp,bike_xrPS420_0.75.bmp,JPEGCoreExperiment,67.53846154,27,70,53,66,100,77,61,75,70,55,38,80,83,69,63,82,51,.\Original\bike_orig.bmp,0.879321909,106.821
28,28,.\Deg\bike_xrPS420_1.0.bmp,bike_xrPS420_1.0.bmp,JPEGCoreExperiment,74.38461538,28,80,68,68,86,77,58,80,71,71,78,82,95,94,67,79,57,.\Original\bike_orig.bmp,0.904758865,106.426
29,29,.\Deg\bike_xrPS420_1.25.bmp,bike_xrPS420_1.25.bmp,JPEGCoreExperiment,90.23076923,29,100,82,73,100,100,72,95,100,95,81,80,100,100,90,92,66,.\Original\bike_orig.bmp,0.922610013,106.307
30,30,.\Deg\bike_xrPS420_1.5.bmp,bike_xrPS420_1.5.bmp,JPEGCoreExperiment,91.30769231,30,95,68,72,100,100,60,100,100,98,96,96,84,100,100,100,86,.\Original\bike_orig.bmp,0.939754726,106.154
32,32,.\Deg\cafe_jp2420_0.250000_dec.bmp,cafe_jp2420_0.250000_dec.bmp,JPEGCoreExperiment,12.15384615,1,10,0,31,5,25,10,4,10,10,15,37,41,35,16,5,7,.\Original\cafe_orig.bmp,0.64619528,104.686
33,33,.\Deg\cafe_jp2420_0.500000_dec.bmp,cafe_jp2420_0.500000_dec.bmp,JPEGCoreExperiment,31.30769231,2,40,31,52,36,43,13,15,25,20,38,43,62,24,37,27,20,.\Original\cafe_orig.bmp,0.770434114,98.6656
34,34,.\Deg\cafe_jp2420_0.750000_dec.bmp,cafe_jp2420_0.750000_dec.bmp,JPEGCoreExperiment,51.53846154,3,50,64,67,60,58,42,30,52,60,55,50,70,74,52,31,46,.\Original\cafe_orig.bmp,0.836506608,95.9076
35,35,.\Deg\cafe_jp2420_1.000000_dec.bmp,cafe_jp2420_1.000000_dec.bmp,JPEGCoreExperiment,50.38461538,4,50,52,72,56,66,30,19,54,64,59,59,68,44,53,50,34,.\Original\cafe_orig.bmp,0.875020657,94.4453
36,36,.\Deg\cafe_jp2420_1.250000_dec.bmp,cafe_jp2420_1.250000_dec.bmp,JPEGCoreExperiment,61.92307692,5,50,70,71,77,62,41,74,76,55,44,62,78,97,78,58,42,.\Original\cafe_orig.bmp,0.901938001,93.575
37,37,.\Deg\cafe_jp2420_1.500000_dec.bmp,cafe_jp2420_1.500000_dec.bmp,JPEGCoreExperiment,71.38461538,6,75,71,76,78,70,48,66,52,100,78,68,84,64,79,64,63,.\Original\cafe_orig.bmp,0.918962232,93.5338
38,38,.\Deg\cafe_jp2444_0.250000_dec.bmp,cafe_jp2444_0.250000_dec.bmp,JPEGCoreExperiment,24.46153846,7,30,27,28,22,17,35,6,31,24,18,38,58,59,19,8,23,.\Original\cafe_orig.bmp,0.636364675,99.9767
39,39,.\Deg\cafe_jp2444_0.500000_dec.bmp,cafe_jp2444_0.500000_dec.bmp,JPEGCoreExperiment,43.07692308,8,40,33,51,49,67,31,8,50,42,54,53,62,47,42,53,29,.\Original\cafe_orig.bmp,0.737248063,101.137
40,40,.\Deg\cafe_jp2444_0.750000_dec.bmp,cafe_jp2444_0.750000_dec.bmp,JPEGCoreExperiment,50.61538462,9,50,53,67,65,47,48,65,56,50,23,49,71,81,64,22,44,.\Original\cafe_orig.bmp,0.799735101,100.079
41,41,.\Deg\cafe_jp2444_1.000000_dec.bmp,cafe_jp2444_1.000000_dec.bmp,JPEGCoreExperiment,68.61538462,10,70,71,73,70,68,61,56,49,74,81,70,94,76,65,75,58,.\Original\cafe_orig.bmp,0.851278189,97.3022
42,42,.\Deg\cafe_jp2444_1.250000_dec.bmp,cafe_jp2444_1.250000_dec.bmp,JPEGCoreExperiment,73.07692308,11,70,78,71,100,64,74,71,65,50,62,79,100,100,78,77,61,.\Original\cafe_orig.bmp,0.879482347,95.6088
43,43,.\Deg\cafe_jp2444_1.500000_dec.bmp,cafe_jp2444_1.500000_dec.bmp,JPEGCoreExperiment,81.53846154,12,78,70,73,100,80,100,85,63,75,68,93,100,93,78,90,73,.\Original\cafe_orig.bmp,0.907732851,94.3666
44,44,.\Deg\cafe_jpg420_0.250000_dec.bmp,cafe_jpg420_0.250000_dec.bmp,JPEGCoreExperiment,7.076923077,13,10,0,51,39,6,2,1,10,1,2,17,4,5,9,0,8,.\Original\cafe_orig.bmp,0.685420681,96.5858
45,45,.\Deg\cafe_jpg420_0.500000_dec.bmp,cafe_jpg420_0.500000_dec.bmp,JPEGCoreExperiment,12.30769231,14,10,10,48,12,13,1,4,9,10,19,15,55,17,15,0,2,.\Original\cafe_orig.bmp,0.711282149,96.0992
46,46,.\Deg\cafe_jpg420_0.750000_dec.bmp,cafe_jpg420_0.750000_dec.bmp,JPEGCoreExperiment,42.30769231,15,40,30,49,54,37,22,46,55,44,20,54,59,38,38,69,36,.\Original\cafe_orig.bmp,0.805475914,94.2104
47,47,.\Deg\cafe_jpg420_1.000000_dec.bmp,cafe_jpg420_1.000000_dec.bmp,JPEGCoreExperiment,64.46153846,16,48,71,71,89,67,59,71,72,76,35,57,68,80,69,66,47,.\Original\cafe_orig.bmp,0.848940268,93.425
48,48,.\Deg\cafe_jpg420_1.250000_dec.bmp,cafe_jpg420_1.250000_dec.bmp,JPEGCoreExperiment,71.76923077,17,75,56,69,100,83,56,76,75,45,58,83,100,83,65,78,66,.\Original\cafe_orig.bmp,0.881469839,93.0231
49,49,.\Deg\cafe_jpg420_1.500000_dec.bmp,cafe_jpg420_1.500000_dec.bmp,JPEGCoreExperiment,75.07692308,18,93,70,70,57,71,67,78,76,80,44,88,100,76,98,75,67,.\Original\cafe_orig.bmp,0.90348575,92.4391
50,50,.\Deg\cafe_xrMS420_0.250000_dec.bmp,cafe_xrMS420_0.250000_dec.bmp,JPEGCoreExperiment,11.0,19,29,0,31,10,20,4,1,11,2,2,16,37,14,15,2,10,.\Original\cafe_orig.bmp,0.623335571,102.312
51,51,.\Deg\cafe_xrMS420_0.500000_dec.bmp,cafe_xrMS420_0.500000_dec.bmp,JPEGCoreExperiment,38.30769231,20,49,23,49,29,36,35,34,49,51,19,41,44,42,48,48,33,.\Original\cafe_orig.bmp,0.764607934,95.764
52,52,.\Deg\cafe_xrMS420_0.750000_dec.bmp,cafe_xrMS420_0.750000_dec.bmp,JPEGCoreExperiment,60.15384615,21,60,44,73,55,58,50,70,73,70,48,59,73,77,48,70,63,.\Original\cafe_orig.bmp,0.841542333,94.6758
53,53,.\Deg\cafe_xrMS420_1.000000_dec.bmp,cafe_xrMS420_1.000000_dec.bmp,JPEGCoreExperiment,81.53846154,22,70,67,68,100,100,100,71,78,70,63,62,100,77,90,86,65,.\Original\cafe_orig.bmp,0.880297655,94.2003
54,54,.\Deg\cafe_xrMS420_1.250000_dec.bmp,cafe_xrMS420_1.250000_dec.bmp,JPEGCoreExperiment,80.15384615,23,69,71,70,100,72,52,78,76,95,78,84,100,84,79,86,86,.\Original\cafe_orig.bmp,0.905875519,93.9983
55,55,.\Deg\cafe_xrMS420_1.500000_dec.bmp,cafe_xrMS420_1.500000_dec.bmp,JPEGCoreExperiment,83.30769231,24,70,71,72,100,100,66,82,79,96,77,72,100,100,96,76,70,.\Original\cafe_orig.bmp,0.924697689,93.6438
56,56,.\Deg\cafe_xrPS420_0.25.bmp,cafe_xrPS420_0.25.bmp,JPEGCoreExperiment,7.076923077,25,10,0,46,11,3,3,3,14,2,2,36,25,27,13,0,6,.\Original\cafe_orig.bmp,0.629436535,100.317
57,57,.\Deg\cafe_xrPS420_0.5.bmp,cafe_xrPS420_0.5.bmp,JPEGCoreExperiment,27.92307692,26,29,23,52,40,27,5,11,27,45,37,58,44,27,25,21,29,.\Original\cafe_orig.bmp,0.753568074,95.0631
58,58,.\Deg\cafe_xrPS420_0.75.bmp,cafe_xrPS420_0.75.bmp,JPEGCoreExperiment,52.38461538,27,69,35,68,62,37,63,40,49,70,22,59,74,77,63,56,41,.\Original\cafe_orig.bmp,0.8181258,94.3058
59,59,.\Deg\cafe_xrPS420_1.0.bmp,cafe_xrPS420_1.0.bmp,JPEGCoreExperiment,61.30769231,28,60,65,70,71,68,37,71,66,50,75,71,62,80,63,66,43,.\Original\cafe_orig.bmp,0.853380748,94.5574
60,60,.\Deg\cafe_xrPS420_1.25.bmp,cafe_xrPS420_1.25.bmp,JPEGCoreExperiment,77.30769231,29,70,74,69,100,71,57,74,78,72,64,76,100,79,93,89,63,.\Original\cafe_orig.bmp,0.883542463,94.3077
61,61,.\Deg\cafe_xrPS420_1.5.bmp,cafe_xrPS420_1.5.bmp,JPEGCoreExperiment,77.84615385,30,80,70,74,100,94,45,78,69,75,60,81,100,70,78,100,63,.\Original\cafe_orig.bmp,0.901035816,94.0412
63,63,.\Deg\p01_jp2420_0.250000_dec.bmp,p01_jp2420_0.250000_dec.bmp,JPEGCoreExperiment,60.23076923,1,95,51,51,100,71,57,53,49,40,58,77,71,93,35,32,71,.\Original\p01_orig.bmp,0.900330281,110.858
64,64,.\Deg\p01_jp2420_0.500000_dec.bmp,p01_jp2420_0.500000_dec.bmp,JPEGCoreExperiment,86.07692308,2,100,71,71,100,100,79,64,100,75,62,77,100,100,100,100,68,.\Original\p01_orig.bmp,0.950467167,109.816
65,65,.\Deg\p01_jp2420_0.750000_dec.bmp,p01_jp2420_0.750000_dec.bmp,JPEGCoreExperiment,87.76923077,3,100,53,71,100,100,47,83,100,100,100,96,100,100,79,100,79,.\Original\p01_orig.bmp,0.968696548,108.743
66,66,.\Deg\p01_jp2420_1.000000_dec.bmp,p01_jp2420_1.000000_dec.bmp,JPEGCoreExperiment,94.61538462,4,100,74,100,100,100,100,100,100,100,91,94,100,88,100,100,65,.\Original\p01_orig.bmp,0.978143316,108.11
67,67,.\Deg\p01_jp2420_1.250000_dec.bmp,p01_jp2420_1.250000_dec.bmp,JPEGCoreExperiment,95.07692308,5,100,68,100,100,100,100,100,100,100,86,100,100,100,100,100,82,.\Original\p01_orig.bmp,0.98244401,107.785
68,68,.\Deg\p01_jp2420_1.500000_dec.bmp,p01_jp2420_1.500000_dec.bmp,JPEGCoreExperiment,98.61538462,6,100,100,100,100,100,100,100,100,100,97,100,100,100,100,100,85,.\Original\p01_orig.bmp,0.985909083,107.716
69,69,.\Deg\p01_jp2444_0.250000_dec.bmp,p01_jp2444_0.250000_dec.bmp,JPEGCoreExperiment,51.23076923,7,95,34,50,70,83,65,34,52,12,22,79,49,78,38,56,56,.\Original\p01_orig.bmp,0.895260848,111.011
70,70,.\Deg\p01_jp2444_0.500000_dec.bmp,p01_jp2444_0.500000_dec.bmp,JPEGCoreExperiment,84.23076923,8,100,73,71,77,40,80,79,100,95,84,94,90,81,100,100,77,.\Original\p01_orig.bmp,0.948372031,109.81
71,71,.\Deg\p01_jp2444_0.750000_dec.bmp,p01_jp2444_0.750000_dec.bmp,JPEGCoreExperiment,92.38461538,9,95,70,72,100,100,82,71,100,97,98,95,100,84,100,100,88,.\Original\p01_orig.bmp,0.965163402,109.883
72,72,.\Deg\p01_jp2444_1.000000_dec.bmp,p01_jp2444_1.000000_dec.bmp,JPEGCoreExperiment,95.76923077,10,100,100,100,100,100,100,100,100,100,98,77,100,100,100,66,81,.\Original\p01_orig.bmp,0.975053012,109.008
73,73,.\Deg\p01_jp2444_1.250000_dec.bmp,p01_jp2444_1.250000_dec.bmp,JPEGCoreExperiment,96.92307692,11,100,100,100,100,86,84,100,100,100,98,100,100,80,100,100,92,.\Original\p01_orig.bmp,0.979968625,108.598
74,74,.\Deg\p01_jp2444_1.500000_dec.bmp,p01_jp2444_1.500000_dec.bmp,JPEGCoreExperiment,96.07692308,12,100,72,100,100,97,88,100,100,100,96,100,100,100,100,96,100,.\Original\p01_orig.bmp,0.98406157,108.016
75,75,.\Deg\p01_jpg420_0.250000_dec.bmp,p01_jpg420_0.250000_dec.bmp,JPEGCoreExperiment,9.230769231,13,31,9,29,9,4,5,4,10,2,5,19,25,5,12,0,4,.\Original\p01_orig.bmp,0.738366621,104.929
76,76,.\Deg\p01_jpg420_0.500000_dec.bmp,p01_jpg420_0.500000_dec.bmp,JPEGCoreExperiment,44.0,14,50,30,47,43,68,64,43,47,45,19,41,49,86,38,30,46,.\Original\p01_orig.bmp,0.906117201,106.531
77,77,.\Deg\p01_jpg420_0.750000_dec.bmp,p01_jpg420_0.750000_dec.bmp,JPEGCoreExperiment,71.46153846,15,100,44,76,100,89,100,66,50,24,71,80,100,94,76,55,54,.\Original\p01_orig.bmp,0.94684831,107.215
78,78,.\Deg\p01_jpg420_1.000000_dec.bmp,p01_jpg420_1.000000_dec.bmp,JPEGCoreExperiment,88.61538462,16,100,70,70,100,64,100,100,100,100,81,91,92,100,78,84,83,.\Original\p01_orig.bmp,0.964953206,107.588
79,79,.\Deg\p01_jpg420_1.250000_dec.bmp,p01_jpg420_1.250000_dec.bmp,JPEGCoreExperiment,92.07692308,17,100,100,100,81,100,100,87,100,90,82,100,100,100,79,95,83,.\Original\p01_orig.bmp,0.973758218,107.743
80,80,.\Deg\p01_jpg420_1.500000_dec.bmp,p01_jpg420_1.500000_dec.bmp,JPEGCoreExperiment,95.76923077,18,100,100,100,52,100,93,100,100,100,100,100,100,100,100,100,100,.\Original\p01_orig.bmp,0.979615099,107.643
81,81,.\Deg\p01_xrMS420_0.250000_dec.bmp,p01_xrMS420_0.250000_dec.bmp,JPEGCoreExperiment,29.53846154,19,49,12,29,13,55,42,7,29,10,13,19,86,58,29,7,32,.\Original\p01_orig.bmp,0.871859982,111.755
82,82,.\Deg\p01_xrMS420_0.500000_dec.bmp,p01_xrMS420_0.500000_dec.bmp,JPEGCoreExperiment,73.53846154,20,100,44,72,100,100,73,79,65,30,70,57,100,77,72,43,80,.\Original\p01_orig.bmp,0.940376637,108.707
83,83,.\Deg\p01_xrMS420_0.750000_dec.bmp,p01_xrMS420_0.750000_dec.bmp,JPEGCoreExperiment,85.53846154,21,100,70,100,100,100,79,81,100,50,90,100,88,100,100,81,73,.\Original\p01_orig.bmp,0.963630342,108.365
84,84,.\Deg\p01_xrMS420_1.000000_dec.bmp,p01_xrMS420_1.000000_dec.bmp,JPEGCoreExperiment,98.76923077,22,100,100,100,100,100,100,98,100,99,90,98,100,100,100,100,97,.\Original\p01_orig.bmp,0.974282533,108.021
85,85,.\Deg\p01_xrMS420_1.250000_dec.bmp,p01_xrMS420_1.250000_dec.bmp,JPEGCoreExperiment,97.07692308,23,100,70,100,100,100,100,97,100,100,95,100,100,100,100,100,100,.\Original\p01_orig.bmp,0.981518408,107.804
86,86,.\Deg\p01_xrMS420_1.500000_dec.bmp,p01_xrMS420_1.500000_dec.bmp,JPEGCoreExperiment,96.30769231,24,100,71,100,100,100,84,98,100,100,100,100,100,100,100,100,99,.\Original\p01_orig.bmp,0.985795353,107.894
87,87,.\Deg\p01_xrPS420_0.25.bmp,p01_xrPS420_0.25.bmp,JPEGCoreExperiment,27.46153846,25,70,9,33,21,65,40,23,26,7,19,8,33,56,30,7,7,.\Original\p01_orig.bmp,0.885929709,110.172
88,88,.\Deg\p01_xrPS420_0.5.bmp,p01_xrPS420_0.5.bmp,JPEGCoreExperiment,62.53846154,26,90,71,72,56,43,80,70,70,50,37,70,100,66,52,20,74,.\Original\p01_orig.bmp,0.945457954,108.307
89,89,.\Deg\p01_xrPS420_0.75.bmp,p01_xrPS420_0.75.bmp,JPEGCoreExperiment,88.92307692,27,100,100,73,76,100,84,91,100,98,77,100,100,85,100,35,95,.\Original\p01_orig.bmp,0.964985733,108.29
90,90,.\Deg\p01_xrPS420_1.0.bmp,p01_xrPS420_1.0.bmp,JPEGCoreExperiment,89.84615385,28,91,100,100,100,66,93,100,72,92,84,90,100,100,100,94,76,.\Original\p01_orig.bmp,0.974940374,108.043
91,91,.\Deg\p01_xrPS420_1.25.bmp,p01_xrPS420_1.25.bmp,JPEGCoreExperiment,97.23076923,29,95,100,100,100,100,100,97,100,100,91,98,100,100,100,87,94,.\Original\p01_orig.bmp,0.98082196,107.879
92,92,.\Deg\p01_xrPS420_1.5.bmp,p01_xrPS420_1.5.bmp,JPEGCoreExperiment,96.23076923,30,100,100,100,70,100,100,100,100,100,100,82,100,100,100,98,83,.\Original\p01_orig.bmp,0.984626133,107.854
94,94,.\Deg\p06_jp2420_0.250000_dec.bmp,p06_jp2420_0.250000_dec.bmp,JPEGCoreExperiment,40.69230769,1,50,27,50,47,56,30,27,48,20,58,47,43,67,29,51,43,.\Original\p06_orig.bmp,0.893371135,116.305
95,95,.\Deg\p06_jp2420_0.500000_dec.bmp,p06_jp2420_0.500000_dec.bmp,JPEGCoreExperiment,73.76923077,2,70,72,72,100,65,76,81,68,80,55,76,91,100,52,86,63,.\Original\p06_orig.bmp,0.936443973,116.323
96,96,.\Deg\p06_jp2420_0.750000_dec.bmp,p06_jp2420_0.750000_dec.bmp,JPEGCoreExperiment,83.53846154,3,95,100,73,100,86,82,95,67,70,78,65,85,80,78,84,66,.\Original\p06_orig.bmp,0.952614532,116.262
97,97,.\Deg\p06_jp2420_1.000000_dec.bmp,p06_jp2420_1.000000_dec.bmp,JPEGCoreExperiment,86.84615385,4,70,100,100,100,100,69,100,72,100,78,100,100,100,100,69,71,.\Original\p06_orig.bmp,0.964896861,116.038
98,98,.\Deg\p06_jp2420_1.250000_dec.bmp,p06_jp2420_1.250000_dec.bmp,JPEGCoreExperiment,87.38461538,5,95,63,100,100,80,100,93,68,91,76,100,100,87,100,100,70,.\Original\p06_orig.bmp,0.972377071,115.876
99,99,.\Deg\p06_jp2420_1.500000_dec.bmp,p06_jp2420_1.500000_dec.bmp,JPEGCoreExperiment,87.15384615,6,100,70,100,100,66,82,91,72,100,70,77,100,78,100,92,90,.\Original\p06_orig.bmp,0.977826194,115.994
100,100,.\Deg\p06_jp2444_0.250000_dec.bmp,p06_jp2444_0.250000_dec.bmp,JPEGCoreExperiment,54.07692308,7,70,28,66,59,38,37,72,62,50,39,43,72,63,66,62,48,.\Original\p06_orig.bmp,0.893567757,115.528
101,101,.\Deg\p06_jp2444_0.500000_dec.bmp,p06_jp2444_0.500000_dec.bmp,JPEGCoreExperiment,84.0,8,100,100,74,100,78,74,87,72,91,91,83,88,100,77,79,55,.\Original\p06_orig.bmp,0.931704776,116.257
102,102,.\Deg\p06_jp2444_0.750000_dec.bmp,p06_jp2444_0.750000_dec.bmp,JPEGCoreExperiment,85.84615385,9,100,100,72,100,88,79,87,69,90,77,87,100,97,79,69,78,.\Original\p06_orig.bmp,0.951221856,116.154
103,103,.\Deg\p06_jp2444_1.000000_dec.bmp,p06_jp2444_1.000000_dec.bmp,JPEGCoreExperiment,87.92307692,10,70,70,73,100,81,100,96,72,95,82,87,100,100,100,100,77,.\Original\p06_orig.bmp,0.962838666,115.912
104,104,.\Deg\p06_jp2444_1.250000_dec.bmp,p06_jp2444_1.250000_dec.bmp,JPEGCoreExperiment,88.69230769,11,95,100,71,100,100,59,84,71,70,79,86,100,82,100,95,100,.\Original\p06_orig.bmp,0.96918678,115.804
105,105,.\Deg\p06_jp2444_1.500000_dec.bmp,p06_jp2444_1.500000_dec.bmp,JPEGCoreExperiment,95.15384615,12,70,100,100,100,94,100,93,100,100,96,80,100,89,100,100,84,.\Original\p06_orig.bmp,0.973749053,115.824
106,106,.\Deg\p06_jpg420_0.250000_dec.bmp,p06_jpg420_0.250000_dec.bmp,JPEGCoreExperiment,12.53846154,13,20,9,30,11,23,3,4,13,15,5,27,45,5,8,0,7,.\Original\p06_orig.bmp,0.773015456,116.072
107,107,.\Deg\p06_jpg420_0.500000_dec.bmp,p06_jpg420_0.500000_dec.bmp,JPEGCoreExperiment,41.0,14,50,29,49,69,41,32,35,47,55,21,42,64,73,38,0,52,.\Original\p06_orig.bmp,0.912694112,116.226
108,108,.\Deg\p06_jpg420_0.750000_dec.bmp,p06_jpg420_0.750000_dec.bmp,JPEGCoreExperiment,75.15384615,15,70,72,75,100,61,68,90,76,90,76,65,84,80,57,68,65,.\Original\p06_orig.bmp,0.941814634,116.101
109,109,.\Deg\p06_jpg420_1.000000_dec.bmp,p06_jpg420_1.000000_dec.bmp,JPEGCoreExperiment,84.84615385,16,95,100,70,74,57,100,88,76,87,61,89,88,83,100,94,83,.\Original\p06_orig.bmp,0.956266539,115.855
110,110,.\Deg\p06_jpg420_1.250000_dec.bmp,p06_jpg420_1.250000_dec.bmp,JPEGCoreExperiment,85.84615385,17,92,73,73,100,71,83,93,72,90,85,78,75,96,100,100,82,.\Original\p06_orig.bmp,0.965755767,115.877
111,111,.\Deg\p06_jpg420_1.500000_dec.bmp,p06_jpg420_1.500000_dec.bmp,JPEGCoreExperiment,95.07692308,18,95,100,100,100,87,81,94,100,97,82,100,100,95,100,100,100,.\Original\p06_orig.bmp,0.972829608,115.885
112,112,.\Deg\p06_xrMS420_0.250000_dec.bmp,p06_xrMS420_0.250000_dec.bmp,JPEGCoreExperiment,34.92307692,19,50,30,49,69,19,51,27,29,25,18,41,56,59,30,36,14,.\Original\p06_orig.bmp,0.874501569,116.708
113,113,.\Deg\p06_xrMS420_0.500000_dec.bmp,p06_xrMS420_0.500000_dec.bmp,JPEGCoreExperiment,66.53846154,20,70,50,70,75,77,77,60,76,70,57,76,87,63,65,45,56,.\Original\p06_orig.bmp,0.932902426,116.141
114,114,.\Deg\p06_xrMS420_0.750000_dec.bmp,p06_xrMS420_0.750000_dec.bmp,JPEGCoreExperiment,74.53846154,21,60,70,100,100,51,100,71,71,48,62,100,100,78,75,91,70,.\Original\p06_orig.bmp,0.953398893,115.892
115,115,.\Deg\p06_xrMS420_1.000000_dec.bmp,p06_xrMS420_1.000000_dec.bmp,JPEGCoreExperiment,81.61538462,22,70,100,70,73,82,56,89,74,72,79,100,100,100,66,100,100,.\Original\p06_orig.bmp,0.967204603,115.694
116,116,.\Deg\p06_xrMS420_1.250000_dec.bmp,p06_xrMS420_1.250000_dec.bmp,JPEGCoreExperiment,88.53846154,23,49,100,100,100,100,100,97,72,85,78,83,89,85,100,98,83,.\Original\p06_orig.bmp,0.97575541,115.789
117,117,.\Deg\p06_xrMS420_1.500000_dec.bmp,p06_xrMS420_1.500000_dec.bmp,JPEGCoreExperiment,87.92307692,24,95,59,100,100,74,76,96,76,90,80,83,97,78,100,100,100,.\Original\p06_orig.bmp,0.981067592,115.775
118,118,.\Deg\p06_xrPS420_0.25.bmp,p06_xrPS420_0.25.bmp,JPEGCoreExperiment,23.53846154,25,30,11,32,32,56,16,25,25,6,15,30,30,49,17,17,26,.\Original\p06_orig.bmp,0.888191847,116.697
119,119,.\Deg\p06_xrPS420_0.5.bmp,p06_xrPS420_0.5.bmp,JPEGCoreExperiment,63.46153846,26,68,100,72,66,67,62,66,69,50,34,62,77,74,56,69,41,.\Original\p06_orig.bmp,0.932638087,116.196
120,120,.\Deg\p06_xrPS420_0.75.bmp,p06_xrPS420_0.75.bmp,JPEGCoreExperiment,77.69230769,27,95,52,70,100,73,70,63,72,86,76,77,100,65,78,84,61,.\Original\p06_orig.bmp,0.952124936,115.871
121,121,.\Deg\p06_xrPS420_1.0.bmp,p06_xrPS420_1.0.bmp,JPEGCoreExperiment,83.61538462,28,70,100,100,100,69,98,81,69,98,76,78,82,92,76,100,68,.\Original\p06_orig.bmp,0.964576202,115.881
122,122,.\Deg\p06_xrPS420_1.25.bmp,p06_xrPS420_1.25.bmp,JPEGCoreExperiment,84.23076923,29,95,100,100,74,76,71,98,70,72,77,100,91,94,74,97,100,.\Original\p06_orig.bmp,0.9718112,115.793
123,123,.\Deg\p06_xrPS420_1.5.bmp,p06_xrPS420_1.5.bmp,JPEGCoreExperiment,85.46153846,30,70,74,100,100,67,100,79,71,90,63,100,100,88,100,100,97,.\Original\p06_orig.bmp,0.977542938,115.691
125,125,.\Deg\p10_jp2420_0.250000_dec.bmp,p10_jp2420_0.250000_dec.bmp,JPEGCoreExperiment,31.69230769,1,50,9,49,38,55,13,15,45,40,36,39,43,68,38,14,16,.\Original\p10_orig.bmp,0.902103634,106.526
126,126,.\Deg\p10_jp2420_0.500000_dec.bmp,p10_jp2420_0.500000_dec.bmp,JPEGCoreExperiment,67.53846154,2,100,43,70,68,62,43,50,65,70,72,79,100,68,75,76,54,.\Original\p10_orig.bmp,0.951676817,104.777
127,127,.\Deg\p10_jp2420_0.750000_dec.bmp,p10_jp2420_0.750000_dec.bmp,JPEGCoreExperiment,87.07692308,3,100,54,71,100,100,74,70,76,99,99,83,100,100,78,100,82,.\Original\p10_orig.bmp,0.968764673,104.355
128,128,.\Deg\p10_jp2420_1.000000_dec.bmp,p10_jp2420_1.000000_dec.bmp,JPEGCoreExperiment,88.84615385,4,91,71,100,100,100,79,90,100,96,65,100,78,100,100,100,85,.\Original\p10_orig.bmp,0.978828529,104.015
129,129,.\Deg\p10_jp2420_1.250000_dec.bmp,p10_jp2420_1.250000_dec.bmp,JPEGCoreExperiment,92.53846154,5,100,63,100,100,100,68,85,100,100,96,97,100,100,100,94,97,.\Original\p10_orig.bmp,0.983015707,104.085
130,130,.\Deg\p10_jp2420_1.500000_dec.bmp,p10_jp2420_1.500000_dec.bmp,JPEGCoreExperiment,93.15384615,6,100,64,100,100,88,100,100,100,100,98,99,100,82,76,100,85,.\Original\p10_orig.bmp,0.986331487,103.994
131,131,.\Deg\p10_jp2444_0.250000_dec.bmp,p10_jp2444_0.250000_dec.bmp,JPEGCoreExperiment,33.07692308,7,47,12,29,43,29,4,37,49,50,19,51,33,66,44,30,33,.\Original\p10_orig.bmp,0.900712666,106.535
132,132,.\Deg\p10_jp2444_0.500000_dec.bmp,p10_jp2444_0.500000_dec.bmp,JPEGCoreExperiment,73.07692308,8,100,50,69,55,71,62,77,71,100,65,75,84,100,76,60,79,.\Original\p10_orig.bmp,0.948932187,106.321
133,133,.\Deg\p10_jp2444_0.750000_dec.bmp,p10_jp2444_0.750000_dec.bmp,JPEGCoreExperiment,87.30769231,9,100,54,69,100,100,47,86,75,95,100,83,100,91,78,100,100,.\Original\p10_orig.bmp,0.964209951,105.572
134,134,.\Deg\p10_jp2444_1.000000_dec.bmp,p10_jp2444_1.000000_dec.bmp,JPEGCoreExperiment,88.53846154,10,100,100,100,100,60,83,87,100,70,76,100,75,82,100,100,100,.\Original\p10_orig.bmp,0.975567738,104.618
135,135,.\Deg\p10_jp2444_1.250000_dec.bmp,p10_jp2444_1.250000_dec.bmp,JPEGCoreExperiment,90.53846154,11,95,100,71,64,100,63,99,75,100,81,100,100,96,100,100,100,.\Original\p10_orig.bmp,0.980483389,104.529
136,136,.\Deg\p10_jp2444_1.500000_dec.bmp,p10_jp2444_1.500000_dec.bmp,JPEGCoreExperiment,89.46153846,12,100,71,100,79,55,68,100,100,90,100,100,100,100,100,100,100,.\Original\p10_orig.bmp,0.984715853,104.304
137,137,.\Deg\p10_jpg420_0.250000_dec.bmp,p10_jpg420_0.250000_dec.bmp,JPEGCoreExperiment,6.461538462,13,11,8,30,9,1,5,3,8,5,5,16,16,5,10,0,3,.\Original\p10_orig.bmp,0.793713888,104.286
138,138,.\Deg\p10_jpg420_0.500000_dec.bmp,p10_jpg420_0.500000_dec.bmp,JPEGCoreExperiment,32.07692308,14,30,14,49,65,29,28,15,36,30,20,37,56,69,33,25,36,.\Original\p10_orig.bmp,0.92116068,103.436
139,139,.\Deg\p10_jpg420_0.750000_dec.bmp,p10_jpg420_0.750000_dec.bmp,JPEGCoreExperiment,72.76923077,15,100,30,100,100,54,85,67,74,92,77,66,84,100,53,72,58,.\Original\p10_orig.bmp,0.954526824,103.637
140,140,.\Deg\p10_jpg420_1.000000_dec.bmp,p10_jpg420_1.000000_dec.bmp,JPEGCoreExperiment,82.92307692,16,70,69,100,100,80,66,79,75,99,78,84,100,76,79,100,83,.\Original\p10_orig.bmp,0.968336029,103.827
141,141,.\Deg\p10_jpg420_1.250000_dec.bmp,p10_jpg420_1.250000_dec.bmp,JPEGCoreExperiment,93.53846154,17,100,100,100,81,81,100,83,100,100,95,86,90,100,100,100,86,.\Original\p10_orig.bmp,0.97659869,103.608
142,142,.\Deg\p10_jpg420_1.500000_dec.bmp,p10_jpg420_1.500000_dec.bmp,JPEGCoreExperiment,88.23076923,18,100,59,100,100,68,65,98,75,100,82,98,100,91,100,100,100,.\Original\p10_orig.bmp,0.981390099,103.729
143,143,.\Deg\p10_xrMS420_0.250000_dec.bmp,p10_xrMS420_0.250000_dec.bmp,JPEGCoreExperiment,20.30769231,19,32,12,47,14,20,13,12,27,5,10,47,54,68,29,7,29,.\Original\p10_orig.bmp,0.877123607,106.312
144,144,.\Deg\p10_xrMS420_0.500000_dec.bmp,p10_xrMS420_0.500000_dec.bmp,JPEGCoreExperiment,60.61538462,20,95,34,71,100,72,41,48,71,73,21,60,52,87,76,43,62,.\Original\p10_orig.bmp,0.947150781,104.789
145,145,.\Deg\p10_xrMS420_0.750000_dec.bmp,p10_xrMS420_0.750000_dec.bmp,JPEGCoreExperiment,79.84615385,21,100,54,76,71,57,76,82,77,95,77,84,72,82,77,100,100,.\Original\p10_orig.bmp,0.967209876,104.419
146,146,.\Deg\p10_xrMS420_1.000000_dec.bmp,p10_xrMS420_1.000000_dec.bmp,JPEGCoreExperiment,89.92307692,22,100,69,100,100,91,94,84,78,100,98,100,100,100,67,100,88,.\Original\p10_orig.bmp,0.977296328,104.347
147,147,.\Deg\p10_xrMS420_1.250000_dec.bmp,p10_xrMS420_1.250000_dec.bmp,JPEGCoreExperiment,88.76923077,23,100,64,100,51,87,100,100,100,98,77,100,100,100,100,87,90,.\Original\p10_orig.bmp,0.982624038,104.289
148,148,.\Deg\p10_xrMS420_1.500000_dec.bmp,p10_xrMS420_1.500000_dec.bmp,JPEGCoreExperiment,96.92307692,24,100,100,100,76,100,85,100,100,100,99,100,100,100,100,100,100,.\Original\p10_orig.bmp,0.986978836,104.124
149,149,.\Deg\p10_xrPS420_0.25.bmp,p10_xrPS420_0.25.bmp,JPEGCoreExperiment,28.76923077,25,30,9,52,48,85,1,34,12,5,19,25,47,75,33,28,23,.\Original\p10_orig.bmp,0.890907346,105.119
150,150,.\Deg\p10_xrPS420_0.5.bmp,p10_xrPS420_0.5.bmp,JPEGCoreExperiment,60.07692308,26,92,36,71,52,52,37,62,51,68,58,69,77,81,57,80,59,.\Original\p10_orig.bmp,0.94894369,104.736
151,151,.\Deg\p10_xrPS420_0.75.bmp,p10_xrPS420_0.75.bmp,JPEGCoreExperiment,73.84615385,27,70,41,71,100,75,65,67,67,98,77,78,56,77,79,85,80,.\Original\p10_orig.bmp,0.967918926,104.266
152,152,.\Deg\p10_xrPS420_1.0.bmp,p10_xrPS420_1.0.bmp,JPEGCoreExperiment,88.76923077,28,100,57,100,74,79,92,95,100,91,77,78,100,87,100,89,100,.\Original\p10_orig.bmp,0.977174582,104.266
153,153,.\Deg\p10_xrPS420_1.25.bmp,p10_xrPS420_1.25.bmp,JPEGCoreExperiment,95.38461538,29,95,100,100,100,100,49,100,100,100,100,100,96,100,100,100,100,.\Original\p10_orig.bmp,0.982263919,104.157
154,154,.\Deg\p10_xrPS420_1.5.bmp,p10_xrPS420_1.5.bmp,JPEGCoreExperiment,96.30769231,30,100,70,100,100,100,82,100,100,100,100,97,100,100,100,100,100,.\Original\p10_orig.bmp,0.986442889,104.159
156,156,.\Deg\woman_jp2420_0.250000_dec.bmp,woman_jp2420_0.250000_dec.bmp,JPEGCoreExperiment,25.46153846,1,30,33,34,15,58,40,5,12,10,32,37,44,55,17,10,25,.\Original\woman_orig.bmp,0.777826915,114.164
157,157,.\Deg\woman_jp2420_0.500000_dec.bmp,woman_jp2420_0.500000_dec.bmp,JPEGCoreExperiment,36.30769231,2,30,51,50,34,27,23,18,53,23,55,51,40,48,42,31,45,.\Original\woman_orig.bmp,0.85038775,111.518
158,158,.\Deg\woman_jp2420_0.750000_dec.bmp,woman_jp2420_0.750000_dec.bmp,JPEGCoreExperiment,53.30769231,3,50,29,67,50,75,51,46,52,70,56,71,72,72,49,41,52,.\Original\woman_orig.bmp,0.891258613,110.408
159,159,.\Deg\woman_jp2420_1.000000_dec.bmp,woman_jp2420_1.000000_dec.bmp,JPEGCoreExperiment,68.76923077,4,95,60,70,73,75,55,66,67,41,77,81,70,74,78,75,62,.\Original\woman_orig.bmp,0.922283778,110.198
160,160,.\Deg\woman_jp2420_1.250000_dec.bmp,woman_jp2420_1.250000_dec.bmp,JPEGCoreExperiment,82.84615385,5,70,100,68,73,90,71,92,78,80,74,85,87,78,88,100,74,.\Original\woman_orig.bmp,0.937181301,109.95
161,161,.\Deg\woman_jp2420_1.500000_dec.bmp,woman_jp2420_1.500000_dec.bmp,JPEGCoreExperiment,89.61538462,6,95,84,100,100,100,100,84,73,75,98,100,100,90,79,94,83,.\Original\woman_orig.bmp,0.952416481,109.556
162,162,.\Deg\woman_jp2444_0.250000_dec.bmp,woman_jp2444_0.250000_dec.bmp,JPEGCoreExperiment,34.30769231,7,30,42,46,32,51,22,8,17,30,29,43,71,71,30,48,36,.\Original\woman_orig.bmp,0.782387503,114.208
163,163,.\Deg\woman_jp2444_0.500000_dec.bmp,woman_jp2444_0.500000_dec.bmp,JPEGCoreExperiment,59.84615385,8,63,48,68,73,85,38,58,66,55,63,77,70,58,69,28,62,.\Original\woman_orig.bmp,0.852764026,113.368
164,164,.\Deg\woman_jp2444_0.750000_dec.bmp,woman_jp2444_0.750000_dec.bmp,JPEGCoreExperiment,87.53846154,9,100,70,71,100,92,100,98,68,80,91,75,100,100,90,83,66,.\Original\woman_orig.bmp,0.893221753,111.399
165,165,.\Deg\woman_jp2444_1.000000_dec.bmp,woman_jp2444_1.000000_dec.bmp,JPEGCoreExperiment,85.23076923,10,95,69,71,100,84,89,79,74,95,97,83,87,87,78,84,77,.\Original\woman_orig.bmp,0.916169032,110.534
166,166,.\Deg\woman_jp2444_1.250000_dec.bmp,woman_jp2444_1.250000_dec.bmp,JPEGCoreExperiment,94.15384615,11,100,100,100,100,87,100,92,77,90,97,83,100,100,100,98,83,.\Original\woman_orig.bmp,0.93408182,110.089
167,167,.\Deg\woman_jp2444_1.500000_dec.bmp,woman_jp2444_1.500000_dec.bmp,JPEGCoreExperiment,92.46153846,12,100,100,100,78,100,100,100,76,70,98,97,100,100,100,97,83,.\Original\woman_orig.bmp,0.94630461,109.558
168,168,.\Deg\woman_jpg420_0.250000_dec.bmp,woman_jpg420_0.250000_dec.bmp,JPEGCoreExperiment,6.0,13,10,9,12,10,2,2,1,10,2,1,5,25,6,5,0,1,.\Original\woman_orig.bmp,0.698670385,113.093
169,169,.\Deg\woman_jpg420_0.500000_dec.bmp,woman_jpg420_0.500000_dec.bmp,JPEGCoreExperiment,36.92307692,14,70,30,48,71,50,39,14,29,17,16,41,60,78,29,16,39,.\Original\woman_orig.bmp,0.826573327,110.566
170,170,.\Deg\woman_jpg420_0.750000_dec.bmp,woman_jpg420_0.750000_dec.bmp,JPEGCoreExperiment,79.61538462,15,95,48,72,100,73,100,100,60,75,99,86,83,95,50,89,63,.\Original\woman_orig.bmp,0.880375106,109.728
171,171,.\Deg\woman_jpg420_1.000000_dec.bmp,woman_jpg420_1.000000_dec.bmp,JPEGCoreExperiment,94.23076923,16,100,100,100,100,100,77,100,76,96,97,84,100,71,95,91,93,.\Original\woman_orig.bmp,0.908451945,109.088
172,172,.\Deg\woman_jpg420_1.250000_dec.bmp,woman_jpg420_1.250000_dec.bmp,JPEGCoreExperiment,90.15384615,17,95,85,100,95,100,69,100,73,75,100,98,100,96,100,100,80,.\Original\woman_orig.bmp,0.928238326,108.987
173,173,.\Deg\woman_jpg420_1.500000_dec.bmp,woman_jpg420_1.500000_dec.bmp,JPEGCoreExperiment,95.15384615,18,100,100,100,100,100,79,100,77,89,100,90,100,100,96,100,96,.\Original\woman_orig.bmp,0.941586828,108.881
174,174,.\Deg\woman_xrMS420_0.250000_dec.bmp,woman_xrMS420_0.250000_dec.bmp,JPEGCoreExperiment,30.15384615,19,29,12,47,42,50,15,8,30,30,38,30,51,47,29,34,24,.\Original\woman_orig.bmp,0.756946737,113.676
175,175,.\Deg\woman_xrMS420_0.500000_dec.bmp,woman_xrMS420_0.500000_dec.bmp,JPEGCoreExperiment,69.84615385,20,48,51,71,99,73,100,89,69,70,63,58,82,58,64,43,57,.\Original\woman_orig.bmp,0.856585125,110.592
176,176,.\Deg\woman_xrMS420_0.750000_dec.bmp,woman_xrMS420_0.750000_dec.bmp,JPEGCoreExperiment,79.30769231,21,95,82,100,100,81,100,70,71,70,61,76,100,87,79,60,62,.\Original\woman_orig.bmp,0.905244542,110.278
177,177,.\Deg\woman_xrMS420_1.000000_dec.bmp,woman_xrMS420_1.000000_dec.bmp,JPEGCoreExperiment,93.61538462,22,100,100,100,100,65,100,100,77,92,83,85,100,80,100,100,100,.\Original\woman_orig.bmp,0.929563376,109.954
178,178,.\Deg\woman_xrMS420_1.250000_dec.bmp,woman_xrMS420_1.250000_dec.bmp,JPEGCoreExperiment,91.15384615,23,100,71,100,100,86,100,80,73,100,100,98,100,89,100,100,75,.\Original\woman_orig.bmp,0.946367311,109.671
179,179,.\Deg\woman_xrMS420_1.500000_dec.bmp,woman_xrMS420_1.500000_dec.bmp,JPEGCoreExperiment,98.30769231,24,100,100,100,100,91,92,100,100,100,99,100,100,100,100,100,96,.\Original\woman_orig.bmp,0.95821244,109.611
180,180,.\Deg\woman_xrPS420_0.25.bmp,woman_xrPS420_0.25.bmp,JPEGCoreExperiment,14.30769231,25,30,10,30,21,13,24,5,12,2,2,17,55,42,12,0,0,.\Original\woman_orig.bmp,0.770126172,112.118
181,181,.\Deg\woman_xrPS420_0.5.bmp,woman_xrPS420_0.5.bmp,JPEGCoreExperiment,43.07692308,26,45,51,52,46,54,39,36,51,23,28,64,54,59,42,55,36,.\Original\woman_orig.bmp,0.851552693,110.924
182,182,.\Deg\woman_xrPS420_0.75.bmp,woman_xrPS420_0.75.bmp,JPEGCoreExperiment,78.15384615,27,70,100,68,53,100,100,96,78,50,71,79,100,100,73,47,78,.\Original\woman_orig.bmp,0.889942046,110.514
183,183,.\Deg\woman_xrPS420_1.0.bmp,woman_xrPS420_1.0.bmp,JPEGCoreExperiment,82.30769231,28,95,72,74,100,82,77,88,73,57,99,77,100,88,68,84,75,.\Original\woman_orig.bmp,0.916508887,110.182
184,184,.\Deg\woman_xrPS420_1.25.bmp,woman_xrPS420_1.25.bmp,JPEGCoreExperiment,86.69230769,29,100,100,100,100,62,73,71,74,94,91,96,100,100,90,92,80,.\Original\woman_orig.bmp,0.934758944,110.075
185,185,.\Deg\woman_xrPS420_1.5.bmp,woman_xrPS420_1.5.bmp,JPEGCoreExperiment,88.61538462,30,100,83,100,100,85,94,100,100,50,80,97,100,100,78,100,82,.\Original\woman_orig.bmp,0.94541852,109.794
